GHI,GTI,TEMP,WS,WD,RH,PREC,AP,PWAT,SWE,PVOUT
190,215,22.9,2,341,81.5,0,999.3,38.7,581.11,7880.041
229,257,23.2,2,348,80.8,0,999.6,38.8,581.11,9823.568
304,336,23.5,2,354,80,0,999.8,38.9,581.11,13393.365
344,379,23.8,2,0,79.2,0,1000.1,38.9,581.11,15368.137
426,470,24.1,2.1,6,78.5,0,1000.3,39,581.11,19300.742
462,507,24.2,2.1,9,78.2,0,1000.4,38.9,581.11,20993.406
515,564,24.2,2.2,12,78,0,1000.4,38.9,581.11,23419.832
559,609,24.3,2.2,15,77.7,0,1000.5,38.9,581.11,25284.891
620,674,24.4,2.3,17,77.4,0,1000.5,39,581.11,27867.826
663,718,24.6,2.3,15,76.4,0,1000.7,39.2,581.11,29618.771
701,759,24.9,2.3,13,75.4,0,1000.9,39.4,581.11,31172.971
737,797,25.2,2.3,11,74.3,0,1001.1,39.6,581.11,32557.502
768,829,25.5,2.4,9,73.2,0,1001.3,39.8,581.11,33741.82
795,858,25.9,2.5,11,72.1,0,1001,39.8,581.11,34755.484
818,882,26.3,2.6,14,70.9,0,1000.8,39.9,581.11,35569.668
836,902,26.6,2.7,16,69.8,0,1000.5,39.9,581.11,36226.562
850,917,27,2.9,19,68.7,0,1000.3,40,581.11,36694.152
856,924,27.1,2.9,22,68.7,0,1000,40.1,581.11,36930.098
863,932,27.3,3,25,68.7,0,999.8,40.3,581.11,37176.621
864,933,27.4,3.1,28,68.7,0,999.6,40.5,581.11,37188.023
858,927,27.5,3.2,31,68.7,0,999.4,40.7,581.11,36984.73
852,922,27.6,3.3,35,68.8,0,999.1,40.8,581.11,36776.465
836,905,27.6,3.4,39,68.9,0,998.8,40.9,581.11,36187.594
705,756,27.6,3.5,42,69,0,998.5,40.9,581.11,30567.84
694,746,27.6,3.7,45,69.1,0,998.2,40.9,581.11,30202.625
681,733,27.5,3.9,46,69.8,0,997.9,40.9,581.11,29753.736
657,708,27.4,4,47,70.6,0,997.6,40.9,581.11,28805.945
620,670,27.3,4.2,48,71.3,0,997.4,40.9,581.11,27344.738
581,628,27.1,4.4,48,72.1,0,997.2,40.9,581.11,25749.812
539,584,27,4.5,45,73.2,0,997.2,40.9,581.11,24016.078
493,536,26.8,4.6,43,74.3,0,997.2,40.8,581.11,22070.857
444,480,26.6,4.8,41,75.4,0,997.2,40.8,581.11,19777.502
394,428,26.5,4.9,38,76.5,0,997.2,40.7,581.11,17581.518
345,376,26.3,4.8,37,77.5,0,997.2,40.7,581.11,15340.656
295,322,26.1,4.7,36,78.4,0,997.2,40.6,581.11,13001.739
244,267,25.8,4.6,35,79.4,0,997.2,40.6,581.11,10584.129
195,213,25.6,4.5,34,80.4,0,997.2,40.5,581.11,8197.784
148,165,25.4,4.3,32,81.6,0,997.5,40.4,581.11,6081.628
105,118,25.1,4.1,30,82.8,0,997.7,40.2,581.11,4041.633
64,72,24.9,3.8,28,84.1,0,998,40.1,581.11,1887.615
32,37,24.6,3.6,25,85.3,0,998.3,40,581.11,771.526
10,10,24.2,3.4,22,86.3,0,998.3,39.9,581.11,107.039
9,9,22.2,4.6,19,91,0,1001.4,28.3,581.11,83.973
31,36,22.3,4.7,20,90.8,0,1001.6,28.1,581.11,612.143
59,68,22.5,4.7,20,90.6,0,1001.9,27.9,581.11,1524.97
96,107,22.6,4.7,20,90.3,0,1002.1,27.7,581.11,3462.738
141,155,22.8,4.8,21,90.1,0,1002.4,27.5,581.11,5588.828
197,214,23.1,5,23,88.9,0,1002.6,27.4,581.11,8214.344
248,268,23.3,5.3,25,87.6,0,1002.9,27.4,581.11,10641.702
294,316,23.6,5.5,26,86.4,0,1003.1,27.3,581.11,12831.956
342,366,23.8,5.8,28,85.2,0,1003.3,27.2,581.11,15046.533
390,417,23.9,5.8,28,84.6,0,1003.3,27.1,581.11,17292.609
434,463,24,5.9,28,84,0,1003.3,26.9,581.11,19263.928
473,503,24.1,5.9,28,83.3,0,1003.3,26.7,581.11,20961.406
509,541,24.2,5.9,28,82.7,0,1003.3,26.5,581.11,22508.207
542,575,24.4,5.9,27,81.7,0,1003.4,26.5,581.11,23906.881
574,609,24.5,5.9,26,80.6,0,1003.4,26.5,581.11,25250.457
606,642,24.7,5.9,25,79.6,0,1003.5,26.5,581.11,26541.287
634,672,24.9,5.9,24,78.5,0,1003.5,26.5,581.11,27693.936
659,703,25.1,5.9,22,77.1,0,1003.5,26.4,581.11,28867.512
686,732,25.3,5.9,20,75.7,0,1003.4,26.4,581.11,29973.691
715,764,25.5,5.9,18,74.3,0,1003.4,26.3,581.11,31154.881
745,797,25.7,5.9,17,72.9,0,1003.3,26.3,581.11,32359.027
776,830,25.9,5.9,17,72.3,0,1003,26.4,581.11,33591.121
790,846,26,6,18,71.7,0,1002.8,26.6,581.11,34160.953
788,844,26.1,6.1,19,71.2,0,1002.5,26.8,581.11,34081.293
779,836,26.2,6.1,20,70.6,0,1002.2,27,581.11,33762.988
765,821,26.2,6.1,21,71.2,0,1002,27.1,581.11,33214.559
750,805,26.2,6.2,22,71.9,0,1001.7,27.2,581.11,32648.049
734,789,26.1,6.2,22,72.5,0,1001.5,27.3,581.11,32062.029
716,771,26.1,6.2,23,73.2,0,1001.2,27.3,581.11,31377.436
696,750,26,6.2,23,73.6,0,1001,27.2,581.11,30593.645
668,720,25.9,6.3,23,74,0,1000.7,27,581.11,29488.48
632,683,25.9,6.3,23,74.5,0,1000.5,26.9,581.11,28051.588
594,644,25.8,6.3,23,74.9,0,1000.2,26.7,581.11,26511.076
554,602,25.7,6.2,23,75.5,0,1000,26.7,581.11,24863.838
509,554,25.6,6.2,23,76.2,0,999.7,26.7,581.11,22914.252
458,496,25.5,6.1,23,76.8,0,999.5,26.7,581.11,20516.836
406,441,25.4,6.1,23,77.4,0,999.2,26.7,581.11,18204.682
354,386,25.3,6,22,77.9,0,999.2,26.8,581.11,15833.128
302,331,25.1,6,22,78.4,0,999.2,26.8,581.11,13412.985
250,275,25,5.9,22,79,0,999.2,26.8,581.11,10956.986
200,222,24.8,5.8,22,79.5,0,999.3,26.8,581.11,8586.223
153,171,24.6,5.5,22,80.7,0,999.3,26.5,581.11,6323.109
109,123,24.4,5.1,22,81.9,0,999.4,26.2,581.11,4241.561
68,78,24.1,4.8,21,83.1,0,999.5,25.9,581.11,2043.188
35,41,23.9,4.5,21,84.3,0,999.5,25.8,581.11,862.018
11,11,23.5,4.3,20,85.1,0,999.7,26.2,581.11,127.726
10,10,21.8,4.1,4,88.9,0,1001.6,34,581.11,92.851
32,39,22,4.1,2,88.6,0,1001.8,34,581.11,654.137
58,67,22.1,4.1,360,88.2,0,1002,33.9,581.11,1486.218
88,97,22.3,4.1,358,87.8,0.3,1002.2,33.9,581.11,3167.754
121,130,22.5,4.1,356,87.4,0.3,1002.4,34,581.11,4645.679
157,166,22.9,4.4,1,86.2,0.3,1002.6,34.4,581.11,6312.732
192,200,23.2,4.8,5,85,0.3,1002.9,34.9,581.11,7896.089
224,232,23.5,5.3,9,83.8,0.4,1003.1,35.3,581.11,9327.02
257,265,23.8,5.7,12,82.6,0.4,1003.3,35.7,581.11,10788.56
289,298,24,5.7,12,82.1,0.4,1003.6,35.8,581.11,12230.342
323,333,24.2,5.8,11,81.6,0.4,1003.8,35.8,581.11,13743.275
359,373,24.3,5.8,10,81.1,0.3,1004.1,35.8,581.11,15436.425
394,409,24.5,5.8,10,80.5,0.3,1004.3,36,581.11,16984.289
428,445,24.6,6,12,79.9,0.3,1004.3,36.4,581.11,18479.795
464,483,24.8,6.2,15,79.2,0.3,1004.3,36.9,581.11,20015.154
500,521,25,6.4,17,78.6,0.4,1004.3,37.4,581.11,21592.324
548,572,25.1,6.6,19,78.1,0.4,1004.3,37.7,581.11,23624.375
606,634,24.9,6.6,19,79,0.4,1004.1,37.3,581.11,26110.449
649,685,24.6,6.5,19,79.9,0.4,1003.9,36.8,581.11,28112.291
676,714,24.4,6.4,19,80.8,0.3,1003.7,36.2,581.11,29263.082
699,740,24.2,6.3,19,81.8,0.3,1003.6,35.7,581.11,30295.887
720,763,24.2,6.3,19,81.6,0.3,1003.5,35.6,581.11,31187.533
728,772,24.3,6.2,18,81.3,0.3,1003.4,35.6,581.11,31522.457
723,767,24.4,6.2,18,81.1,0.3,1003.4,35.7,581.11,31306.717
715,758,24.5,6.1,17,80.8,0.3,1003.3,35.8,581.11,30940.256
703,745,24.8,6.3,19,80,0.3,1003.1,35.9,581.11,30415.266
687,728,25.1,6.5,20,79.1,0.3,1002.8,35.9,581.11,29738.561
667,707,25.3,6.7,22,78.3,0.3,1002.5,36,581.11,28910.279
639,678,25.5,6.9,23,77.6,0.3,1002.3,36.2,581.11,27749.572
603,640,25.4,7.1,24,77.6,0.3,1002,36.7,581.11,26264.648
570,601,25.4,7.2,24,77.6,0.3,1001.8,37.2,581.11,24761.26
542,572,25.3,7.3,24,77.7,0.5,1001.5,37.7,581.11,23629.098
512,541,25.2,7.4,25,77.7,0.5,1001.3,38.2,581.11,22398.453
480,508,25.1,7.4,25,78.1,0.5,1001,38.5,581.11,21063.947
443,469,25,7.4,25,78.4,0.5,1000.8,38.8,581.11,19475.766
401,425,24.9,7.3,25,78.7,0.4,1000.5,39,581.11,17628.039
359,381,24.9,7.3,25,79.1,0.4,1000.3,39.2,581.11,15751.377
317,337,24.8,7.1,24,79.3,0.4,1000.3,39.4,581.11,13846.207
274,293,24.6,7,23,79.5,0.4,1000.3,39.6,581.11,11876.241
230,247,24.5,6.8,22,79.8,0.4,1000.3,39.7,581.11,9847.938
183,198,24.4,6.7,21,80,0.4,1000.3,39.7,581.11,7647.505
132,145,24.2,6.2,20,80.9,0.4,1000.4,39.5,581.11,5278.699
92,104,24,5.8,18,81.7,0.4,1000.4,39.3,581.11,3457.728
62,74,23.8,5.4,16,82.6,0.3,1000.5,39.1,581.11,1660.39
35,45,23.6,5,14,83.5,0.3,1000.6,39,581.11,809.962
10,10,23.4,4.9,12,84.1,0.3,1000.7,39.5,581.11,118.507
8,8,21.9,4.2,1,89.9,0.5,1002.4,36.5,581.11,46.535
24,27,22,4.2,0,89.8,0.5,1002.5,36.4,581.11,457.707
33,37,22.2,4.2,0,89.6,0.5,1002.5,36.2,581.11,677.915
33,38,22.4,4.2,0,89.4,0.4,1002.6,36,581.11,867.465
104,106,22.6,4.2,0,89.2,0.4,1002.6,35.9,581.11,3828.502
134,137,22.9,4.4,4,88.2,0.4,1002.8,36.1,581.11,5196.656
163,167,23.1,4.7,7,87.3,0.4,1003,36.3,581.11,6501.43
191,195,23.4,5,10,86.3,0.4,1003.2,36.5,581.11,7734.007
217,221,23.7,5.3,13,85.4,0.4,1003.3,36.7,581.11,8878.308
241,245,23.9,5.5,14,84.8,0.4,1003.4,36.8,581.11,9936.234
260,264,24,5.7,15,84.1,0.4,1003.5,36.8,581.11,10770.062
274,278,24.2,5.8,17,83.5,0.5,1003.5,36.7,581.11,11384.312
277,281,24.3,6,18,83,0.5,1003.6,36.7,581.11,11469.7
268,268,24.3,6.1,19,83.1,0.5,1003.6,36.7,581.11,10934.723
270,270,24.3,6.2,19,83.2,0.5,1003.5,36.7,581.11,11004.752
284,283,24.3,6.3,20,83.3,0.5,1003.5,36.7,581.11,11580.403
313,313,24.3,6.4,21,83.5,0.5,1003.5,36.7,581.11,12847.791
357,363,24.3,6.6,21,83,0.5,1003.5,36.6,581.11,14943.313
405,413,24.4,6.8,21,82.5,0.5,1003.4,36.5,581.11,17059.408
455,467,24.5,6.9,21,82,0.5,1003.4,36.4,581.11,19306.738
537,559,24.6,7.1,21,81.5,0.5,1003.3,36.3,581.11,23125.783
650,688,24.8,7.3,23,80.5,0.5,1003.1,36.1,581.11,28223.787
716,759,25,7.5,24,79.5,0.5,1002.8,36,581.11,30977.732
735,785,25.2,7.7,25,78.5,0.4,1002.5,35.8,581.11,31947.453
717,766,25.4,7.9,26,77.6,0.4,1002.3,35.7,581.11,31188.746
662,701,25.4,7.9,27,77.6,0.4,1002,35.7,581.11,28695.617
622,658,25.3,7.8,27,77.7,0.4,1001.8,35.7,581.11,26982.412
595,624,25.2,7.8,28,77.8,0.4,1001.5,35.7,581.11,25694.656
573,601,25.1,7.8,28,77.9,0.4,1001.3,35.7,581.11,24786.762
555,582,25,7.7,27,77.8,0.4,1001,35.7,581.11,24044.512
535,562,25,7.7,27,77.6,0.4,1000.8,35.7,581.11,23256.094
514,541,24.9,7.7,26,77.5,0.1,1000.5,35.6,581.11,22419.785
492,518,24.9,7.6,26,77.3,0.1,1000.3,35.5,581.11,21513.643
468,495,24.9,7.4,26,77.3,0.1,1000.1,35.4,581.11,20536.443
440,466,24.8,7.2,26,77.3,0.1,1000,35.2,581.11,19357.844
407,437,24.8,6.9,26,77.3,0.1,999.8,35.1,581.11,18109.307
370,398,24.7,6.7,26,77.3,0.1,999.7,35,581.11,16477.996
329,356,24.7,6.5,26,77.7,0.1,999.6,34.9,581.11,14612.244
288,314,24.6,6.2,27,78,0.1,999.6,34.9,581.11,12749.103
248,272,24.5,6,27,78.4,0.1,999.5,34.8,581.11,10887.056
207,230,24.3,5.8,27,78.8,0.1,999.5,34.8,581.11,8930.192
165,185,24.1,5.6,27,79.9,0.1,999.7,34.6,581.11,6900.781
125,143,23.9,5.5,26,80.9,0.1,999.9,34.5,581.11,4981.492
86,104,23.7,5.4,25,82,0.1,1000.1,34.3,581.11,2561.04
50,63,23.4,5.2,24,83,0.1,1000.3,34.2,581.11,1331.391
14,14,23.2,5.2,23,83.6,0.1,1000.3,34.2,581.11,231.957
9,8,21.5,3.9,342,87.9,0.1,1000.6,38,581.11,60.877
22,22,21.6,3.9,344,87.8,0.1,1000.8,38,581.11,518.517
47,51,21.7,3.9,346,87.6,0.1,1001,38,581.11,1295.151
72,74,21.9,3.9,348,87.4,0.2,1001.2,38,581.11,2421.673
97,99,22.1,3.8,350,87.2,0.2,1001.4,38,581.11,3542.757
124,126,22.4,3.9,353,86.3,0.2,1001.5,37.8,581.11,4741.396
154,156,22.8,4,356,85.5,0.2,1001.6,37.5,581.11,6060.953
186,189,23.1,4.1,359,84.6,0.3,1001.7,37.3,581.11,7496.688
228,233,23.4,4.2,2,83.6,0.3,1001.8,37.2,581.11,9428.935
281,289,23.7,4.4,6,82.8,0.3,1001.9,37.3,581.11,11850.111
324,333,24,4.6,9,81.9,0.3,1002,37.4,581.11,13758.688
355,366,24.2,4.8,12,81.1,0.3,1002.2,37.6,581.11,15167.195
374,385,24.4,5,14,80.2,0.3,1002.3,37.7,581.11,15963.716
380,390,24.4,5.2,15,80.4,0.3,1002.3,37.6,581.11,16158.246
393,403,24.5,5.4,15,80.5,0.3,1002.3,37.4,581.11,16682.676
413,423,24.5,5.6,16,80.7,0.4,1002.3,37.2,581.11,17536.213
444,456,24.5,5.8,17,80.8,0.4,1002.3,37,581.11,18915.562
487,506,24.6,5.9,18,80.4,0.4,1002.1,36.9,581.11,20964.057
521,542,24.7,6,19,80.1,0.4,1001.8,36.8,581.11,22409.336
545,567,24.8,6.1,20,79.7,0.4,1001.5,36.8,581.11,23420.082
567,591,24.9,6.2,21,79.2,0.4,1001.3,36.7,581.11,24367.033
588,613,25,6.4,22,79,0.4,1001.1,36.7,581.11,25255.807
602,629,25,6.6,23,78.8,0.4,1000.9,36.7,581.11,25873.568
610,638,25.1,6.8,24,78.7,0.4,1000.7,36.7,581.11,26224.748
616,645,25.1,7,25,78.5,0.4,1000.5,36.7,581.11,26515.812
622,657,25.1,7,26,78.6,0.4,1000.3,36.7,581.11,26971.936
620,656,25,7.1,27,78.8,0.4,1000,36.8,581.11,26923.236
611,647,25,7.2,27,78.9,0.4,999.8,36.8,581.11,26590.945
598,633,24.9,7.3,28,79.1,0.4,999.5,36.7,581.11,26079.264
581,615,24.9,7.1,28,79.1,0.4,999.2,36.5,581.11,25382.219
564,599,24.9,6.9,28,79.1,0.4,999,36.3,581.11,24748.656
549,584,24.9,6.7,28,79.1,0.3,998.7,36,581.11,24179.189
539,575,24.9,6.5,28,79.1,0.3,998.5,35.7,581.11,23852.412
533,572,24.9,6.4,28,79.1,0.3,998.4,35.5,581.11,23768.146
514,559,24.8,6.3,28,79.2,0.3,998.4,35.2,581.11,23199.775
481,526,24.8,6.2,28,79.2,0.2,998.3,35,581.11,21836.602
441,485,24.7,6.1,28,79.3,0.2,998.3,34.7,581.11,20085.072
394,435,24.6,6,28,79.4,0.2,998.3,34.5,581.11,17936.699
345,385,24.5,6,28,79.6,0.2,998.3,34.2,581.11,15704.656
296,334,24.4,5.9,28,79.8,0.2,998.3,34,581.11,13383.713
244,279,24.3,5.9,27,80,0.2,998.3,33.7,581.11,10867.37
189,220,24.1,5.8,28,81,0.2,998.3,33.5,581.11,8198.267
140,166,23.8,5.7,28,82.1,0.2,998.3,33.3,581.11,5806.629
97,117,23.6,5.5,29,83.1,0.1,998.3,33.1,581.11,2950.991
56,70,23.3,5.4,29,84.2,0.1,998.3,33,581.11,1591.139
15,15,23,5.3,28,84.7,0.1,998.3,32.9,581.11,279.884
7,7,21.6,3.8,342,82.6,0,988.1,30.9,581.11,30.702
21,21,21.6,3.7,342,82.3,0,991,30.9,581.11,435.062
42,43,21.7,3.7,341,81.9,0,994,30.9,581.11,1166.478
67,68,21.8,3.7,341,81.5,0,996.9,31,581.11,2237.778
105,108,22,3.7,341,81.2,0,999.4,31,581.11,3888.863
155,161,22.2,3.7,344,80.5,0,997,31,581.11,6175.986
203,213,22.5,3.8,346,79.7,0,994.4,30.9,581.11,8472.01
250,262,22.8,3.9,348,79,0,991.5,30.9,581.11,10625.294
300,314,23.1,4,350,78.3,0,988.8,30.9,581.11,12925.078
353,371,23.4,4.1,352,77.6,0,988.5,30.9,581.11,15386.575
402,427,23.6,4.2,354,76.9,0,988.4,30.9,581.11,17769.529
449,476,23.9,4.3,356,76.2,0,988.6,30.9,581.11,19820.096
500,530,24.2,4.4,358,75.5,0,989.1,30.8,581.11,22064.381
555,590,24.5,4.5,359,74.8,0,992,30.8,581.11,24496.115
599,640,24.8,4.7,1,74.1,0,995,30.8,581.11,26478.766
630,673,25.1,4.8,2,73.4,0,997.8,30.8,581.11,27746.301
650,693,25.3,4.9,4,72.7,0,1000.3,30.8,581.11,28486.16
657,696,25.4,5,7,72.6,0,997.7,30.8,581.11,28573.365
666,706,25.5,5.1,9,72.6,0,994.7,30.9,581.11,28908.42
677,717,25.5,5.3,12,72.5,0,991.6,31,581.11,29339.557
688,729,25.5,5.4,14,72.5,0,988.6,31.1,581.11,29788.104
700,741,25.6,5.6,16,72.5,0,987.9,31.2,581.11,30252.957
709,752,25.6,5.7,19,72.4,0,987.6,31.3,581.11,30656.686
718,766,25.7,5.9,21,72.4,0,987.5,31.3,581.11,31166.42
730,780,25.7,6.1,23,72.3,0,987.6,31.4,581.11,31684.379
745,798,25.8,6.2,24,72.3,0,990.2,31.5,581.11,32373.006
747,801,25.9,6.4,26,72.2,0,992.8,31.6,581.11,32508.502
735,789,25.9,6.6,28,72.2,0.1,995.3,31.7,581.11,32094.924
711,764,26,6.8,29,72.2,0.1,997.4,31.7,581.11,31153.656
675,726,25.9,6.7,29,72.6,0.1,995,31.7,581.11,29681.027
642,691,25.8,6.6,28,73,0.1,992.3,31.6,581.11,28329.852
612,659,25.7,6.5,28,73.5,0.1,989.4,31.5,581.11,27103.674
580,626,25.5,6.4,28,73.9,0.1,986.6,31.4,581.11,25829.992
547,592,25.4,6.3,27,74.4,0.1,986.2,31.3,581.11,24503.645
514,559,25.3,6.2,27,74.8,0.1,986.1,31.2,581.11,23178.076
482,527,25.2,6.2,26,75.3,0.1,986.2,31.2,581.11,21849.275
452,498,25.1,6.1,26,75.7,0.1,986.6,31.1,581.11,20572.369
423,470,25,6,26,76.2,0.1,989.3,30.9,581.11,19336.328
397,445,24.9,5.9,25,76.6,0.1,992.2,30.8,581.11,18126.111
374,421,24.8,5.8,25,77,0.1,994.9,30.8,581.11,16960.779
358,404,24.7,5.7,24,77.5,0.1,997.2,30.7,581.11,16071.634
349,401,24.5,5.6,24,78.2,0.1,995,30.9,581.11,15753.984
304,368,24.4,5.5,24,78.9,0.1,992.5,31.2,581.11,14389.954
224,302,24.2,5.4,24,79.6,0.1,989.8,31.5,581.11,11993.192
132,182,24,5.3,23,80.3,0.1,987.1,31.7,581.11,6554.469
30,29,23.9,5.2,23,81,0.1,986.9,32,581.11,949.792
9,9,20.9,3.2,342,86.9,0,988.3,37.9,581.11,76.35
22,22,20.9,3.2,341,86.7,0,991.2,38.1,581.11,569.979
55,62,20.9,3.3,340,86.6,0,994.2,38.3,581.11,1512.566
86,92,20.9,3.3,340,86.4,0,997.1,38.6,581.11,3085.349
125,133,21,3.3,339,86.2,0,999.6,38.8,581.11,4875.095
173,184,21.3,3.4,340,84.9,0,997.3,39,581.11,7097.051
220,233,21.7,3.5,342,83.5,0,994.6,39.1,581.11,9294.401
265,283,22,3.5,343,82.1,0,991.7,39.3,581.11,11505.341
313,333,22.4,3.6,345,80.6,0,989,39.5,581.11,13733.69
363,386,22.8,3.7,346,79.2,0,988.6,39.6,581.11,16049.138
410,436,23.1,3.8,348,77.8,0,988.5,39.8,581.11,18195.006
455,483,23.5,3.8,349,76.4,0,988.7,39.9,581.11,20169.307
504,535,23.9,3.9,350,75,0,989.2,40.1,581.11,22306.738
557,592,24.2,4,351,73.6,0,992.1,40.3,581.11,24601.5
596,637,24.6,4.1,352,72.2,0,995,40.5,581.11,26357.746
621,658,25,4.2,353,70.8,0,997.8,40.7,581.11,27173.496
628,664,25.3,4.3,354,69.4,0,1000.3,40.8,581.11,27339.82
616,650,25.4,4.3,357,69.7,0,997.7,40.7,581.11,26742.406
609,642,25.4,4.3,0,70,0,994.8,40.7,581.11,26376.105
606,633,25.4,4.4,3,70.3,0,991.8,40.6,581.11,26036.312
600,627,25.3,4.5,6,70.6,0,988.8,40.5,581.11,25749.422
591,616,25.3,4.6,9,70.9,0,988.2,40.4,581.11,25314.65
584,609,25.3,4.6,11,71.2,0,987.9,40.3,581.11,24990.105
579,604,25.3,4.7,14,71.5,0,987.9,40.2,581.11,24778.273
573,598,25.4,4.9,16,71.8,0,988.1,40.1,581.11,24535.662
566,590,25.4,5,19,72,0,990.8,40,581.11,24262.615
555,579,25.4,5.1,21,72.3,0,993.5,39.9,581.11,23823.574
540,564,25.4,5.2,23,72.6,0,996,39.8,581.11,23216.646
519,541,25.4,5.4,25,72.9,0,998.2,39.8,581.11,22309.197
491,512,25.3,5.3,25,73.3,0,995.8,40.1,581.11,21098.637
465,480,25.2,5.3,25,73.7,0,992.9,40.4,581.11,19834.617
441,456,25.2,5.2,24,74.1,0,990,40.8,581.11,18847.256
416,430,25.1,5.2,24,74.5,0,987.1,41.1,581.11,17800.561
390,403,25,5.1,24,74.9,0,986.7,41.5,581.11,16692.086
365,377,24.9,5,24,75.2,0,986.4,41.8,581.11,15599.092
340,352,24.8,5,24,75.6,0,986.5,42.1,581.11,14524.834
316,328,24.8,4.9,24,76,0,986.8,42.5,581.11,13498.452
292,308,24.7,4.9,24,76.4,0,989.5,42.8,581.11,12600.254
274,293,24.6,4.8,23,76.8,0,992.3,43.1,581.11,11904.256
263,289,24.6,4.8,23,77.2,0,994.9,43.5,581.11,11585.723
260,289,24.5,4.7,23,77.6,0,997.3,43.8,581.11,11434.913
264,299,24.3,4.6,23,78.3,0,995,44,581.11,11641.575
235,275,24.1,4.5,22,79,0,992.3,44.3,581.11,10414.542
175,213,23.9,4.4,21,79.7,0,989.6,44.5,581.11,7721.003
107,143,23.7,4.3,21,80.5,0,986.9,44.7,581.11,4064.353
23,23,23.5,4.2,20,81.2,0,986.6,44.9,581.11,656.939
9,8,22,3,347,79.6,0,994.7,50.9,581.11,57.907
17,17,22,3,347,79.7,0,997.6,51.1,581.11,303.497
41,40,22,3,348,79.8,0,1000.2,51.2,581.11,1122.469
78,77,22.3,3,350,79.2,0,997.9,51.3,581.11,2650.039
114,113,22.5,3,351,78.6,0,995.2,51.4,581.11,4197.429
148,148,22.8,3,352,78,0,992.4,51.4,581.11,5699.22
185,185,23.1,3.1,353,77.3,0,989.7,51.5,581.11,7348.277
225,228,23.4,3.1,355,76.7,0,989.4,51.5,581.11,9218.38
262,266,23.7,3.1,356,76.1,0,989.3,51.6,581.11,10884.757
296,302,23.9,3.2,357,75.5,0,989.6,51.7,581.11,12406.805
333,341,24.2,3.2,358,74.9,0,990.1,51.7,581.11,14100.739
375,385,24.5,3.2,359,74.3,0,993,51.8,581.11,15958.2
406,421,24.8,3.3,1,73.7,0,996,51.8,581.11,17425.99
426,441,25.1,3.3,2,73.1,0,998.8,51.9,581.11,18257.49
433,444,25.3,3.3,3,72.5,0,1001.3,52,581.11,18367.674
427,438,25.4,3.4,5,72.6,0,998.6,52,581.11,18069.098
424,434,25.4,3.4,8,72.7,0,995.7,52.1,581.11,17908.879
425,434,25.4,3.4,11,72.8,0,992.5,52.2,581.11,17886.914
423,432,25.4,3.5,14,72.9,0,989.5,52.3,581.11,17777.256
419,427,25.4,3.5,16,73,0,988.8,52.4,581.11,17579.164
416,424,25.5,3.6,19,73.1,0,988.4,52.5,581.11,17444.422
414,423,25.5,3.7,21,73.2,0,988.3,52.6,581.11,17374.109
413,421,25.5,3.8,23,73.3,0,988.5,52.6,581.11,17302.186
411,419,25.6,3.8,26,73.4,0,991,52.7,581.11,17228.844
406,414,25.6,3.9,28,73.5,0,993.6,52.8,581.11,17034.396
398,407,25.6,4,30,73.6,0,996.1,52.9,581.11,16718.197
388,396,25.7,4.1,32,73.7,0,998.2,53,581.11,16267.624
374,382,25.6,4.1,32,74.1,0,995.7,53.1,581.11,15684.221
361,368,25.6,4.1,32,74.6,0,992.9,53.2,581.11,15122.46
348,355,25.5,4.2,32,75,0,990,53.3,581.11,14581.92
336,343,25.4,4.2,32,75.4,0,987.1,53.4,581.11,14081.118
324,332,25.4,4.2,32,75.8,0,986.7,53.5,581.11,13619.272
312,320,25.3,4.2,32,76.3,0,986.4,53.6,581.11,13111.846
298,307,25.3,4.2,32,76.7,0.1,986.5,53.7,581.11,12559.436
288,298,25.2,4.2,32,77.1,0.1,986.8,53.8,581.11,12171.454
280,295,25.2,4.3,32,77.5,0.1,989.5,53.9,581.11,12028.188
273,291,25.1,4.3,32,77.9,0.1,992.3,54,581.11,11800.493
265,291,25.1,4.3,32,78.4,0.1,994.9,54.1,581.11,11656.774
263,293,25,4.3,33,78.8,0.1,997.2,54.2,581.11,11573.833
267,303,24.8,4.2,32,79.6,0.1,995,54.2,581.11,11748.808
238,278,24.6,4.1,31,80.3,0.1,992.4,54.1,581.11,10507.141
177,216,24.4,4,29,81.1,0.1,989.8,54.1,581.11,7816.347
110,146,24.2,3.9,28,81.9,0.1,987.1,54.1,581.11,4156.45
24,24,24,3.8,27,82.6,0.1,986.9,54.1,581.11,680.807
19,19,22.5,3.1,336,83.5,0,991,45.7,581.11,369.949
39,39,22.6,3.1,335,83.2,0,994,45.4,581.11,1035.718
63,64,22.7,3.1,334,82.9,0,996.8,45,581.11,2044.014
100,103,22.8,3.1,333,82.5,0,999.3,44.7,581.11,3654.188
150,157,23,3.1,337,81.6,0,997,44.6,581.11,5966.865
198,208,23.3,3.2,340,80.7,0,994.3,44.5,581.11,8202.718
245,256,23.6,3.2,344,79.7,0,991.5,44.5,581.11,10347.588
295,309,23.9,3.3,347,78.7,0,988.8,44.4,581.11,12640.94
348,366,24.1,3.3,350,77.8,0,988.5,44.3,581.11,15097.284
398,421,24.4,3.4,353,76.8,0,988.4,44.2,581.11,17477.885
444,470,24.6,3.5,356,75.9,0,988.6,44.2,581.11,19534.363
495,525,24.9,3.6,359,75,0,989.1,44.1,581.11,21782.039
551,584,25.2,3.7,2,74,0,992,44,581.11,24213.732
596,636,25.5,3.8,4,73,0,995,43.9,581.11,26239.914
629,672,25.7,3.9,6,72.1,0,997.8,43.8,581.11,27598.408
654,697,26,4,9,71.2,0,1000.2,43.7,581.11,28572.643
669,714,26.1,4.1,11,70.9,0,997.6,43.8,581.11,29185.424
685,730,26.2,4.1,13,70.6,0,994.7,43.9,581.11,29803.998
701,747,26.3,4.1,15,70.3,0,991.6,44,581.11,30427.721
718,766,26.3,4.1,16,70.1,0,988.6,44.1,581.11,31112.641
737,787,26.4,4.1,18,69.8,0,987.9,44.1,581.11,31856.637
753,804,26.5,4.1,20,69.6,0,987.6,44.2,581.11,32507.533
767,820,26.6,4.2,22,69.3,0,987.5,44.3,581.11,33066.738
785,841,26.7,4.2,24,69,0,987.6,44.4,581.11,33859.535
809,871,26.9,4.3,26,68.7,0,990.2,44.5,581.11,34965.832
814,878,27,4.3,28,68.4,0,992.8,44.6,581.11,35218.016
800,864,27.1,4.3,29,68.2,0,995.3,44.7,581.11,34713.074
769,831,27.1,4.4,31,67.9,0,997.4,44.7,581.11,33510.738
721,777,27,4.4,31,68.7,0,994.9,44.6,581.11,31510.533
678,731,26.9,4.3,32,69.6,0,992.1,44.4,581.11,29776.234
639,690,26.7,4.3,32,70.4,0,989.2,44.2,581.11,28224.564
597,644,26.5,4.3,32,71.3,0,986.3,44.1,581.11,26467.061
550,595,26.4,4.2,33,72.1,0,985.8,43.9,581.11,24494.887
506,544,26.2,4.2,33,72.9,0,985.6,43.7,581.11,22482.123
465,501,26.1,4.2,33,73.8,0,985.6,43.6,581.11,20710.051
422,456,25.9,4.1,34,74.6,0,985.9,43.4,581.11,18819.23
377,409,25.8,4.1,34,75.4,0,988.6,43.2,581.11,16806.859
346,378,25.7,4.1,34,76.2,0,991.3,43.1,581.11,15417.019
328,366,25.5,4,35,77.1,0,993.9,42.9,581.11,14730.845
320,361,25.3,4,35,77.9,0,996.2,42.7,581.11,14291.153
323,369,25.1,3.9,34,78.9,0,993.9,42.6,581.11,14432.41
289,340,24.9,3.8,33,79.9,0,991.3,42.4,581.11,13067.823
216,273,24.6,3.7,32,80.8,0,988.5,42.2,581.11,10314.524
135,192,24.4,3.6,31,81.8,0,985.8,42.1,581.11,6040.936
26,25,24.2,3.5,30,82.8,0,985.5,41.9,581.11,848.523
9,9,21.6,2.2,352,76.2,0,986.8,40.9,581.11,69.557
21,21,21.6,2.2,354,76.9,0,989.8,41.2,581.11,537.097
54,60,21.6,2.2,355,77.5,0,992.9,41.5,581.11,1451.074
84,89,21.6,2.2,356,78.1,0,995.8,41.7,581.11,2992.506
120,126,21.6,2.2,357,78.6,0,998.4,41.9,581.11,4607.527
163,170,21.9,2.3,0,78,0,996,41.8,581.11,6542.666
205,213,22.2,2.4,4,77.4,0,993.4,41.6,581.11,8486.011
247,258,22.6,2.5,7,76.8,0,990.5,41.3,581.11,10483.461
295,308,22.9,2.6,9,76.2,0,987.8,41.1,581.11,12679.483
348,365,23.2,2.7,12,75.6,0,987.5,40.9,581.11,15138.609
398,421,23.5,2.8,15,75,0,987.4,40.7,581.11,17531.369
445,471,23.9,2.9,17,74.4,0,987.6,40.5,581.11,19608.449
497,526,24.2,3,19,73.8,0,988.1,40.3,581.11,21894.422
554,587,24.5,3.1,21,73.2,0,991,40.1,581.11,24379.334
599,640,24.8,3.2,23,72.6,0,994,39.9,581.11,26440.607
633,676,25.2,3.4,24,72,0,996.8,39.7,581.11,27828.926
657,701,25.4,3.5,26,71.4,0,999.2,39.5,581.11,28761.951
671,715,25.6,3.6,27,71.2,0,996.6,39.6,581.11,29265.822
685,730,25.7,3.6,28,71,0,993.7,39.8,581.11,29823.328
701,747,25.7,3.7,29,70.8,0,990.5,40,581.11,30434.414
718,765,25.8,3.8,30,70.6,0,987.5,40.2,581.11,31131.539
737,786,25.9,3.8,31,70.4,0,986.8,40.4,581.11,31911.756
753,804,26,3.9,32,70.3,0,986.5,40.6,581.11,32561.934
765,818,26.1,4,33,70.1,0,986.4,40.7,581.11,33084.09
782,837,26.2,4.1,33,69.9,0,986.5,40.9,581.11,33798.109
802,861,26.3,4.1,34,69.7,0,989,41,581.11,34697.078
806,869,26.4,4.2,35,69.5,0,991.6,41.2,581.11,34982.445
792,855,26.5,4.3,36,69.3,0,994.1,41.4,581.11,34482.262
763,824,26.5,4.4,36,69.1,0,996.2,41.5,581.11,33320.359
718,772,26.4,4.4,37,70,0,993.8,41.7,581.11,31400.693
676,728,26.2,4.5,37,70.8,0,991,41.8,581.11,29735.65
638,688,26.1,4.5,37,71.7,0,988,41.9,581.11,28241.279
596,644,25.9,4.5,37,72.6,0,985.2,42,581.11,26511.803
550,594,25.7,4.6,37,73.4,0,984.7,42.1,581.11,24537.506
507,544,25.5,4.6,37,74.3,0,984.5,42.2,581.11,22547.572
466,503,25.4,4.7,38,75.2,0,984.5,42.4,581.11,20822.465
425,459,25.2,4.7,38,76,0,984.8,42.5,581.11,19004.289
382,415,25,4.8,38,76.9,0,987.5,42.6,581.11,17091.951
351,385,24.9,4.8,38,77.7,0,990.3,42.7,581.11,15726.687
332,371,24.7,4.9,38,78.6,0,992.9,42.9,581.11,14989.368
323,364,24.5,4.9,38,79.4,0,995.2,43,581.11,14457.257
323,369,24.3,4.7,36,80,0,993,43,581.11,14444.876
287,337,24.2,4.4,34,80.6,0,990.4,43,581.11,12975.021
215,265,24,4.2,31,81.2,0,987.8,42.9,581.11,9886.083
135,188,23.8,4,28,81.7,0,985.1,42.9,581.11,5670.352
26,26,23.7,3.8,25,82.3,0,984.9,42.8,581.11,866.157
9,9,23.4,4,13,82.4,0.1,989.3,36.9,581.11,67.018
21,21,23.4,4,13,82.4,0.1,989.3,36.9,581.11,523.274
45,50,23.4,4,13,82.4,0.1,989.3,36.9,581.11,1106.574
59,61,23.4,4,13,82.4,0.1,989.3,36.9,581.11,1851.164
87,89,23.4,4,13,82.4,0.1,989.3,36.9,581.11,3052.346
130,134,23.4,4,13,82.4,0.1,989.3,36.9,581.11,4991.225
172,178,23.4,4,13,82.4,0.1,989.3,36.9,581.11,6917.043
213,220,23.4,4,13,82.4,0.1,989.3,36.9,581.11,8794.416
258,268,23.4,4,13,82.4,0.1,989.3,36.9,581.11,10934.963
307,320,23.4,4,13,82.4,0.1,989.3,36.9,581.11,13204.732
352,368,23.4,4,13,82.4,0.1,989.3,36.9,581.11,15302.345
395,413,23.4,4,13,82.4,0.1,989.3,36.9,581.11,17216.176
442,466,23.4,4,13,82.4,0.1,989.3,36.9,581.11,19471.521
493,521,23.4,4,13,82.4,0.1,989.3,36.9,581.11,21784.582
534,564,23.4,4,13,82.4,0.1,989.3,36.9,581.11,23554.613
563,595,23.4,4,13,82.4,0.1,989.3,36.9,581.11,24796.254
581,614,23.4,4,13,82.4,0.1,989.3,36.9,581.11,25568.469
589,622,23.4,4,13,82.4,0.1,989.3,36.9,581.11,25879.074
598,631,23.4,4,13,82.4,0.1,989.3,36.9,581.11,26251.361
609,643,23.4,4,13,82.4,0.1,989.3,36.9,581.11,26685.949
620,654,23.4,4,13,82.4,0.1,989.3,36.9,581.11,27145.418
631,667,23.4,4,13,82.4,0.1,989.3,36.9,581.11,27629.994
641,677,23.4,4,13,82.4,0.1,989.3,36.9,581.11,28057.064
649,687,23.4,4,13,82.4,0.1,989.3,36.9,581.11,28427.383
660,699,23.4,4,13,82.4,0.1,989.3,36.9,581.11,28949.49
674,721,23.4,4,13,82.4,0.1,989.3,36.9,581.11,29809.471
676,723,23.4,4,13,82.4,0.1,989.3,36.9,581.11,29921.838
664,711,23.4,4,13,82.4,0.1,989.3,36.9,581.11,29472.439
640,686,23.4,4,13,82.4,0.1,989.3,36.9,581.11,28489.834
605,648,23.4,4,13,82.4,0.1,989.3,36.9,581.11,26959.371
572,608,23.4,4,13,82.4,0.1,989.3,36.9,581.11,25390.48
542,577,23.4,4,13,82.4,0.1,989.3,36.9,581.11,24129.521
509,543,23.4,4,13,82.4,0.1,989.3,36.9,581.11,22733.537
475,506,23.4,4,13,82.4,0.1,989.3,36.9,581.11,21200.574
442,472,23.4,4,13,82.4,0.1,989.3,36.9,581.11,19733.137
410,439,23.4,4,13,82.4,0.1,989.3,36.9,581.11,18331.039
378,406,23.4,4,13,82.4,0.1,989.3,36.9,581.11,16915.814
347,374,23.4,4,13,82.4,0.1,989.3,36.9,581.11,15484.343
323,352,23.4,4,13,82.4,0.1,989.3,36.9,581.11,14462.878
308,341,23.4,4,13,82.4,0.1,989.3,36.9,581.11,13824.756
302,338,23.4,4,13,82.4,0.1,989.3,36.9,581.11,13493.982
304,346,23.4,4,13,82.4,0.1,989.3,36.9,581.11,13596.94
271,317,23.4,4,13,82.4,0.1,989.3,36.9,581.11,12186.396
203,247,23.4,4,13,82.4,0.1,989.3,36.9,581.11,9193.243
127,172,23.4,4,13,82.4,0.1,989.3,36.9,581.11,5169.314
27,26,23.4,4,13,82.4,0.1,989.3,36.9,581.11,834.303